Feature1,Feature2,Cluster
-6.59633932,-7.139014567,2
-6.137531819,-6.580817013,2
5.309871131,2.064376154,1
-2.876686343,8.334410633,0
-2.716870704,7.811771766,0
-6.822614066,-6.611517314,2
5.096116257,2.705872578,1
5.739472046,2.388955855,1
4.908575797,3.6101382,1
6.087689596,0.992846879,1
-2.239115493,8.684784555,0
-4.978436505,-6.940770407,2
-2.349949867,8.534112626,0
5.741858763,0.08856896,1
5.375207522,0.709071008,1
6.095596076,2.14322999,1
-3.135800257,8.756636915,0
-2.071519718,8.852532006,0
-1.729101836,8.896640223,0
-2.247655724,8.839005705,0
4.598256971,2.254227363,1
-6.475897101,-6.9043052,2
-7.187661475,-6.100449061,2
-9.00148209,-7.48793158,2
3.892110205,1.306597141,1
-2.464617693,9.889639443,0
-3.068978029,9.185470057,0
-3.050735223,9.503627159,0
4.855751818,3.643572428,1
4.960339155,3.040726639,1
-6.442689021,-5.689463318,2
-8.301437858,-5.378775941,2
4.609846486,2.954489243,1
-2.091644371,9.251873867,0
-3.429992485,9.314844543,0
-6.586069259,-8.236691398,2
-7.460150641,-6.291535189,2
3.973639404,4.230558167,1
-6.368424592,-5.506451048,2
-6.836024745,-5.185058553,2
-1.003578026,10.09062217,0
3.858177232,1.392506683,1
-2.899282602,8.668239578,0
-7.214402523,-7.283758057,2
-1.030032747,9.915538152,0
-4.235283844,-8.383079922,2
-3.029711678,8.624585821,0
-2.429731779,9.615395827,0
-8.754799661,-6.765083514,2
4.555679982,-0.019983436,1
-7.54869993,-5.840204906,2
-1.789517723,9.260125745,0
5.129782143,-0.069930641,1
-7.652504859,-6.473057306,2
-1.939905721,8.114572455,0
-9.015301405,-3.74236106,2
-3.359040594,9.393160073,0
-1.823069924,8.886335304,0
-3.281136392,9.563127296,0
6.6469657,2.475992495,1
3.918237663,2.356908005,1
-3.038626795,9.696232796,0
-6.906931731,-7.813377552,2
-6.223726415,-6.685373399,2
-3.079474249,9.09943031,0
-0.794042352,9.521421346,0
-7.767119369,-7.317567894,2
4.060055081,3.8619538,1
4.104458716,-0.294279193,1
-2.933005786,9.424900075,0
-6.29293339,-7.35501325,2
-2.86925,9.512566074,0
3.904532408,1.507927812,1
4.553957325,1.928503,1
5.821065714,1.716383071,1
-7.362370713,-7.833438202,2
5.458148624,4.189218475,1
-2.447302977,8.325258767,0
-2.085354281,10.16754102,0
-3.29777846,9.417523341,0
3.147242954,1.141683447,1
-2.439559968,8.775080248,0
-3.363293967,8.90038254,0
-2.72092309,11.19042146,0
5.928236936,0.741351325,1
-6.502526797,-6.909372407,2
3.970888694,0.329406108,1
-5.64134412,-6.858838017,2
-2.711252144,8.016059583,0
-2.30315731,8.954729396,0
-3.294404544,9.383968908,0
-1.356178992,7.865596407,0
5.261069661,1.102277108,1
3.434909916,1.051812606,1
-6.079685289,-8.496420202,2
4.018745277,2.241715226,1
-7.17143846,-8.443300402,2
-2.039711948,10.76665063,0
2.950864803,1.039789659,1
3.696691484,0.37569014,1
4.863998954,1.066710165,1
-7.689230711,-6.456048549,2
-7.008164703,-8.761958639,2
-4.604993706,9.671808132,0
-5.66246867,-5.358793541,2
2.739195448,2.885667271,1
6.344483934,1.288274131,1
-1.858383849,8.029594675,0
5.23271506,2.285978203,1
-2.87770864,9.859983909,0
-5.366177448,-6.249297909,2
5.742770616,1.624840231,1
3.342602843,2.712292412,1
5.505885313,0.618307558,1
-0.552596039,9.117663074,0
4.932439693,1.296275327,1
-7.046748905,-6.597529643,2
-7.783329052,-6.555750312,2
5.550593144,2.310599393,1
-2.783347698,8.717133435,0
-2.284404129,8.516126512,0
3.73512133,1.636359592,1
-7.554805466,-7.024628264,2
4.592412652,2.790970521,1
-6.90614845,-7.761984245,2
-6.760046823,-7.853178534,2
4.052551505,3.226162736,1
-7.188836268,-7.632265999,2
4.698510921,2.021879713,1
3.29261241,2.432061379,1
-3.552773223,9.550024167,0
4.383747391,3.762041048,1
4.853120037,0.370756453,1
-6.20705349,-4.980227658,2
-1.850661156,9.072940502,0
-4.995040885,-5.336866065,2
-1.918424359,9.151380753,0
4.909221019,3.229687647,1
4.118483363,1.602163136,1
4.580522385,2.782953075,1
-2.980689429,9.693967806,0
-2.920291157,8.166915311,0
-6.324022725,-6.790528912,2
-7.672047112,-7.188071123,2
-8.109176786,-6.38341037,2
-1.845673158,7.245377881,0
3.875014283,3.399989521,1
-2.536967039,8.079343698,0
-3.083953,8.843528407,0
-2.611531696,8.249853776,0
-2.435789002,7.424230997,0
-6.711166215,-5.562512058,2
5.292199022,1.528432485,1
-7.408243873,-6.293745575,2
-3.879705246,10.09738403,0
4.893099797,1.85711395,1
-2.897488461,9.07978544,0
5.231860317,2.194973032,1
-2.320705977,9.630978283,0
-6.738740944,-8.648548959,2
5.025507495,2.479474589,1
-3.469434749,8.74668514,0
-3.811231573,9.052754086,0
2.436432389,2.582759276,1
-1.20326858,7.870173026,0
-3.462240421,9.539529015,0
6.855843231,0.689067964,1
6.610297028,3.184950191,1
-6.079217666,-6.125818263,2
-5.679213283,-7.537003872,2
4.532196003,3.701310342,1
-1.811341114,9.160959733,0
-3.721350473,10.10778554,0
5.348664633,3.303613981,1
-2.337922628,8.017695105,0
-6.244905723,-5.770409751,2
6.301006218,2.649860628,1
-6.912857182,-7.088226451,2
4.870337776,1.602229927,1
-7.074535472,-5.746339496,2
-2.1784497,10.51572278,0
3.026538223,0.870787348,1
-3.301626683,8.561247945,0
5.42266629,0.081499096,1
-2.537858454,10.26600105,0
-6.38865224,-6.145231807,2
-1.90360673,8.276553869,0
-9.303867451,-5.996064197,2
-2.886743116,9.885446606,0
-6.20170132,-7.368021001,2
4.635555789,0.583132057,1
-1.95708243,8.693309751,0
4.939139257,3.86611362,1
2.771923828,2.700381626,1
-2.515575736,10.19824144,0
-5.75357694,-6.931503317,2
6.71293064,2.496758088,1
5.969698216,0.725282571,1
4.764920161,1.89805793,1
-7.414955377,-6.970642876,2
-2.889153872,8.491622742,0
7.145928482,1.80566213,1
-2.864632231,9.316126523,0
-3.186632598,7.802408348,0
6.496885078,4.128222892,1
-3.03929663,9.470765063,0
5.286386027,0.868361372,1
-2.933598541,8.553631536,0
-2.292832162,8.974095641,0
2.728286356,2.501739369,1
6.440790585,2.993435774,1
-6.333342943,-6.873687323,2
-7.924436385,-8.846466183,2
3.453569508,0.648862503,1
5.430131963,4.38541513,1
-2.154142081,9.633993371,0
-6.89493704,-6.300818094,2
-2.518995041,8.296482631,0
-8.113976063,-7.472573852,2
5.477746813,2.445352146,1
-6.934521192,-6.594555518,2
-7.506344416,-6.017716121,2
6.553284912,0.956816066,1
-2.223585234,8.459958452,0
-7.04777101,-7.352200171,2
-2.524008132,8.783359217,0
-2.725097571,8.231275156,0
4.221496275,1.554060439,1
-8.075510253,-6.435506925,2
-3.127457795,8.824831243,0
-2.272301401,9.223130346,0
-8.251528334,-8.493670991,2
-3.338994547,8.862015186,0
-8.058666982,-5.692430205,2
4.432192647,1.991864541,1
3.675469355,3.94010985,1
-6.962307877,-7.001857102,2
5.299941355,0.811156338,1
-5.351158765,-6.372273837,2
5.351600346,1.601713957,1
-5.683055689,-7.038639166,2
-9.031442592,-7.599262913,2
-6.101266115,-7.43129531,2
4.874893142,0.799122351,1
-7.326949087,-5.599093232,2
-0.046092976,9.909946057,0
3.103513558,3.020118478,1
-2.431600851,9.490411749,0
5.082286807,1.501163109,1
-2.562061462,8.045473168,0
3.828208074,4.134298203,1
4.585175617,2.265177023,1
-6.547646861,-6.689609913,2
4.793604134,1.155907695,1
-1.840643933,8.110520644,0
5.83539902,1.380661784,1
-2.525918898,9.108148035,0
4.184925547,1.728873252,1
4.68548301,2.117207276,1
4.351488358,1.523384715,1
3.767314225,1.676147321,1
-3.844721848,9.448974282,0
-7.345663693,-8.474812661,2
4.87570424,2.823974193,1
-7.368476613,-7.999727027,2
-5.847080987,-5.753404456,2
5.519046929,1.876309788,1
-2.238400497,8.682055797,0
-1.565759876,9.068300913,0
-6.791220305,-5.402579512,2
5.748711259,1.75128712,1
-0.65747077,7.520473974,0
4.597892648,4.098130447,1
5.683960113,2.56798795,1
-3.692015215,8.438410761,0
-5.218367977,-7.33720585,2
-1.813512887,10.09879642,0
-5.929319599,-5.169496221,2
-5.883579505,-7.636904682,2
4.012611212,3.231980755,1
-6.541143348,-7.175511003,2
3.838170292,3.163620503,1
-6.753247612,-4.941180594,2
5.386050791,0.08890002,1
2.972391876,-0.001308812,1
-0.860599283,10.4185588,0
-2.222967735,9.462913749,0
7.523977539,1.904027128,1
-3.498758192,7.957920838,0
-7.523177023,-5.850148776,2
-6.804193552,-8.482075405,2
-4.163151303,8.942990097,0
4.56291282,2.367684576,1
4.881197692,3.233954959,1
-9.433548326,-5.945789682,2
-3.319462519,9.265683994,0
3.188245145,2.69308416,1
-6.157245833,-7.252942745,2
-6.698605632,-8.176941541,2
-2.429476531,8.611505605,0
-4.823420061,-7.983317959,2
-7.106106083,-6.512744086,2
6.113081627,0.521600462,1
-6.560452681,-5.539659147,2
-3.394265602,8.057320829,0
4.331026991,-0.029131205,1
-6.528178984,-5.809959355,2
4.591689295,0.256239561,1
-6.906032948,-6.599948434,2
-6.358504763,-6.234894007,2
-6.019153703,-7.463187032,2
-5.386938622,-7.151233194,2
-7.834749771,-6.456510528,2
6.146786187,0.899640921,1
-5.15266334,-7.279745779,2
-6.979781268,-7.083783343,2
6.073934791,0.145345398,1
-2.600829499,10.00453918,0
-7.344937648,-6.986057948,2
-6.797187438,-8.337661093,2
3.329103519,1.593479544,1
-8.405283506,-5.61752549,2
-5.855564665,-6.287582644,2
4.674372624,3.507311919,1
-6.26047293,-4.822614124,2
4.610653326,4.543894114,1
-1.594939371,9.615832554,0
4.174066654,2.177669151,1
-2.462630648,8.09990989,0
-0.802770923,7.452615889,0
4.285939222,3.470460171,1
7.423074284,2.445151091,1
-6.703185636,-7.247137432,2
-5.569318445,-5.484425782,2
-7.431485337,-4.321910308,2
-3.093490928,9.187453,0
-5.772546522,-7.000490757,2
5.031238463,0.471833392,1
-7.886169756,-5.740231032,2
4.097111253,-0.935485508,1
-7.125689679,-7.723356189,2
5.400411093,2.469728601,1
3.793864609,1.906246791,1
2.902262156,-0.665397464,1
-3.235616883,7.884443167,0
-2.968127229,8.576798975,0
-5.879044873,-7.550729802,2
-5.264251502,-7.202430062,2
-2.884777132,9.448334163,0
-1.487065706,8.541029017,0
-2.370652882,9.322540032,0
-3.172393632,8.566141296,0
-3.365911622,9.40026406,0
3.6098495,2.813541539,1
-1.73849672,9.34451087,0
-3.73648896,10.03642759,0
3.086261065,3.366161829,1
-2.705792074,8.796107272,0
-3.114278219,7.876483161,0
-7.27138534,-7.802519778,2
3.307187822,4.075894216,1
6.411727256,3.629279309,1
3.891356083,4.270007309,1
4.947114517,3.152398865,1
-7.066771456,-5.894379598,2
4.105275811,3.717231056,1
-6.113546913,-5.653176369,2
-7.596449512,-8.74664621,2
-5.803620053,-6.858797945,2
3.637462372,4.547348637,1
5.919888464,3.376324392,1
-4.486513223,8.376769924,0
-2.00297213,10.83084041,0
4.350395567,2.39563616,1
-3.288942959,9.643953811,0
3.906057473,0.285176368,1
-2.431535584,9.789202121,0
-5.408456864,-7.08943327,2
3.890096543,2.004478944,1
-3.250742,8.966665843,0
-7.244579921,-7.719319261,2
6.298469625,2.751621549,1
-6.299994018,-6.554313277,2
6.500479428,0.775144835,1
3.342610988,3.236953108,1
-7.060107105,-3.687002025,2
-1.748858553,8.552763204,0
-5.147112192,-4.648809447,2
4.732065106,0.433579015,1
-7.903814015,-5.026017027,2
4.078637395,2.388974342,1
-1.016578014,9.393352465,0
-7.952370217,-6.640862729,2
-3.749728368,9.069136508,0
-6.24157609,-6.379265118,2
-6.61050025,-7.223301869,2
-6.216745922,-5.706635736,2
-3.141577187,9.391460814,0
3.173325466,2.8287678,1
-2.301419622,8.290832828,0
-2.301291388,9.639744426,0
-9.052296737,-6.032687916,2
-2.308803343,9.291444696,0
5.323599573,2.510419956,1
-2.983112762,8.323093512,0
-6.679057994,-5.731472244,2
3.954464048,2.660269022,1
-1.495668704,8.448150556,0
-2.17885246,8.563306486,0
-7.87801263,-6.578317693,2
4.738619623,3.251746134,1
-1.245827371,9.628233912,0
-8.563065383,-7.68597966,2
-7.052573251,-5.168401113,2
-7.09075743,-7.86728912,2
4.609213951,3.380444507,1
-6.341331112,-5.807602256,2
-3.565384189,10.47945314,0
-8.460817893,-5.985071279,2
5.489181159,1.298209553,1
-1.851549495,10.53172051,0
-1.84492897,8.329419067,0
-1.000248902,9.153948378,0
-3.871903575,8.969847969,0
-2.235792842,10.5152228,0
-6.571576652,-7.271758161,2
1.640591978,4.722300771,1
-8.442173048,-7.409162271,2
5.42012025,1.854158647,1
4.253916775,4.465267264,1
-3.517904787,9.748575686,0
-2.683342586,9.89330761,0
-6.142783294,-7.16143715,2
-3.641494217,8.67776987,0
-5.926490557,-6.592985428,2
4.692452603,1.796767282,1
-6.899046797,-7.183289376,2
3.814098422,4.67609265,1
-7.664525504,-6.231829159,2
-2.455175059,7.874487579,0
-6.366027085,-7.412810433,2
-6.450810691,-6.187003986,2
-6.61250054,-6.37138457,2
5.624457454,2.581898521,1
-2.219888803,8.498190325,0
-2.412961118,9.425837195,0
3.641052149,2.538868352,1
-3.69206662,9.929289363,0
-6.638874012,-4.278426479,2
-8.652659659,-5.618188093,2
-7.970026269,-5.469177214,2
-5.960398257,-7.548253679,2
-1.234648322,8.605313587,0
-3.455804433,7.382900386,0
-7.98533186,-7.095030624,2
-2.342106747,7.446550029,0
4.78663584,2.625127319,1
-7.049811814,-7.333337643,2
3.468830933,3.23753984,1
-2.505106858,8.826616421,0
7.711980282,1.857897804,1
3.887518367,4.148107954,1
-0.786651657,8.400408078,0
-1.268276043,9.106825836,0
4.600126469,4.12663912,1
6.535365411,1.345737651,1
4.204949707,0.62956581,1
-4.722318978,-7.485824516,2
6.31910536,3.082730103,1
-3.116503752,9.134601157,0
-7.970593621,-7.290923881,2
-2.421681787,9.594899427,0
-2.635603942,8.672781272,0
-7.362688243,-6.733316581,2
-7.878929423,-7.384884515,2
4.65230198,0.398966205,1
-4.817102272,-7.947642508,2
-3.794354679,9.177057037,0
4.839621486,2.564111201,1
-2.684935133,9.299976185,0
-5.267348933,-5.56519514,2
5.051149252,2.521273547,1
-6.170175374,-7.315595964,2
4.329028261,1.737549865,1
5.493030798,2.506285658,1
-2.596205742,9.335655506,0
5.398768123,3.140235023,1
-7.523145422,-5.952269465,2
-1.662458034,7.607294539,0
-3.541166343,7.978223111,0
-2.287844984,9.676032727,0
3.512676364,1.800264617,1
-2.052485214,9.92273864,0
-6.183239744,-5.924804385,2
-3.16697394,9.209235897,0
-6.085362512,-8.134399016,2
6.220751715,2.21028921,1
4.92042193,0.106094908,1
-6.528997092,-6.390922463,2
-9.242559627,-7.889840298,2
-6.366521393,-7.139656271,2
-3.628051682,9.464661518,0
-7.062523632,-5.505233174,2
-2.313224366,8.608731588,0
-2.777825382,10.34950335,0
5.118946583,2.749804812,1
-2.700356061,8.288235199,0
3.103363613,4.078922702,1
-3.795184211,9.161993215,0
5.874865601,2.540286663,1
-1.81229786,8.753467302,0
-7.425871639,-6.488305588,2
6.476779835,3.435683906,1
-2.329923638,9.024360049,0
-7.100880815,-7.156922893,2
4.427542163,1.01521299,1
-5.910169991,-6.452915231,2
-2.315627806,7.483661932,0
-2.448553976,8.472556759,0
-4.208314203,8.593682111,0
-3.155992505,8.612880493,0
-2.49446292,10.35543598,0
-1.548226485,8.68782583,0
6.63844817,3.190413762,1
-5.793840866,-6.78212644,2
-2.047539921,8.851849819,0
4.541297422,3.313924682,1
6.7230354,2.210662624,1
4.343265977,1.154788586,1
-3.08144059,9.557964327,0
-1.858907928,9.517989202,0
2.430829759,0.437677324,1
-2.215919026,8.262382299,0
-8.450503343,-8.006877062,2
4.755223769,1.418439337,1
-2.570878991,9.287207708,0
-2.861233212,9.11887859,0
6.518507671,1.894269371,1
5.878092284,0.190497236,1
-5.69071382,-6.171805746,2
-8.24650589,-7.104874995,2
-7.344244488,-6.678949937,2
-6.719770799,-7.907784734,2
-1.960189471,7.724113431,0
-9.409914714,-7.166113815,2
-4.00583116,8.733075341,0
-1.642756629,9.85732777,0
-2.108463873,8.232241932,0
-7.502276553,-6.685502138,2
-5.658593496,-6.29801189,2
-8.023353398,-6.771549887,2
-3.22792936,9.407821465,0
-2.761413019,9.621461505,0
-1.776875929,9.277287016,0
-3.318881123,7.690400791,0
-3.197528315,8.706641693,0
-7.017075706,-5.927235046,2
5.322658531,3.927245632,1
-1.876372065,8.286776164,0
-2.472740151,8.49300585,0
-2.724308575,8.129065401,0
-2.705508116,8.411297197,0
-2.130607523,8.956022998,0
-4.129311692,9.16344958,0
-7.44387479,-6.69555829,2
-6.900994485,-7.627321272,2
3.02205633,2.865086597,1
6.376252297,2.209035416,1
-2.350729814,8.898797799,0
-5.102211495,8.194776015,0
4.71143528,1.196845551,1
4.734241065,-0.424671137,1
-6.423739419,-4.715107248,2
-8.049740217,-8.682090031,2
-3.030666509,9.052205065,0
-6.182672787,-7.213929083,2
-7.942020719,-6.451802496,2
-7.076965611,-7.031382877,2
3.794666408,0.283016128,1
-1.464814577,9.031089202,0
-7.10611129,-7.83954883,2
-7.475288485,-5.5056715,2
-6.154531404,-6.363931306,2
-2.886028268,9.199926078,0
-7.757609778,-7.706989947,2
-2.970614688,9.618599109,0
-8.049544027,-9.752371807,2
5.376100404,0.745818606,1
5.837490968,-1.50233677,1
-5.706502554,-6.510467401,2
-8.021316305,-7.073769053,2
-8.285944655,-6.963215166,2
-7.707217412,-6.79396571,2
-2.49879611,10.17711339,0
5.106173162,4.964769105,1
3.90379564,1.61020606,1
-0.757355276,8.3676475,0
4.766329444,0.37233909,1
-1.326882387,8.599669954,0
3.977211183,2.732687865,1
3.437934824,1.635849332,1
2.141563547,4.008917326,1
5.411146148,3.56815272,1
-1.336678608,8.833665088,0
-6.847623042,-7.633527464,2
-4.708684474,-7.055995406,2
3.315838909,-0.610299028,1
-3.209692226,7.908046343,0
-5.926502146,-6.367024173,2
-1.290698361,9.445414163,0
-2.439925793,8.88974434,0
-7.428352099,-6.787264692,2
-3.724693596,8.62689887,0
-8.226753481,-7.851723632,2
-5.575286948,-8.542601581,2
6.308127895,2.642542052,1
-7.104483173,-7.530112174,2
-3.300881479,8.913656592,0
-2.601716249,8.773403172,0
-6.394894374,-7.726466248,2
3.797488811,1.177688583,1
4.203544182,1.904834935,1
-1.24038417,8.024033729,0
-4.62997347,9.88749161,0
-6.443067387,-5.976174752,2
-7.244948742,-6.695429287,2
6.599996675,0.597555212,1
-6.556547918,-7.132463095,2
5.866963355,4.900872572,1
-2.212280924,8.531097979,0
5.353584046,2.997268354,1
-4.866239944,-6.743574262,2
-6.14081671,-6.264742109,2
-2.638226192,9.337526814,0
-1.512329469,7.355573942,0
-7.20230703,-7.13094261,2
-1.582708924,9.647616283,0
3.860745782,0.504441364,1
-6.756956875,-5.255431135,2
4.889938206,-0.476912158,1
-7.491396282,-6.91714639,2
4.432726076,3.033561609,1
-2.866409585,9.699405164,0
6.660592066,1.422508568,1
-6.811771681,-6.027335918,2
-2.559340901,9.778399985,0
-3.932173822,10.21112158,0
3.452325072,3.10209511,1
-7.11855929,-7.246934005,2
-6.986929335,-6.432392667,2
4.790148239,1.457883035,1
3.873124739,0.385461932,1
-7.148157839,-7.771301819,2
-7.588033958,-8.393823986,2
4.270544954,2.236150077,1
-7.89544901,-6.818429743,2
-2.193635909,8.677498544,0
-1.096834231,9.338271497,0
3.450208017,-0.610898452,1
-1.851161693,8.037611208,0
3.874590855,1.335973338,1
-6.96799015,-7.250120623,2
-1.768255585,10.54181944,0
-6.68524289,-7.233275886,2
4.661999556,2.39026773,1
4.616313478,2.636157629,1
-3.889131889,8.564456105,0
-1.159484315,9.719597934,0
-7.198681127,-7.67613545,2
-3.16377417,10.68819595,0
5.406355103,0.601563789,1
4.459812132,2.123861428,1
-6.580874283,-7.631900643,2
-1.206305187,7.910204962,0
-7.010884158,-6.80325771,2
-7.316013082,-6.989719397,2
-6.858833483,-7.608112535,2
6.443956798,3.026004433,1
-7.492064566,-6.518606068,2
-2.327229675,10.06000033,0
4.844917362,1.75238968,1
-5.589874437,-6.206928242,2
3.96917262,2.425823934,1
-1.704163376,8.552772633,0
4.010454517,2.560419157,1
-3.128228982,8.018562366,0
4.255462066,2.48216882,1
4.965773441,0.441071393,1
-1.684398005,9.759310223,0
-3.180571642,8.766916228,0
-6.978215323,-6.86125997,2
3.99216722,1.039204013,1
-2.505002663,9.051870603,0
4.374721828,2.005432691,1
-2.687967851,9.585486523,0
3.324348732,0.245108625,1
6.018397677,-0.114486851,1
-6.62588753,-6.412416422,2
-2.277377738,10.67460677,0
-6.766356781,-8.318387572,2
-2.675695423,8.61988538,0
-5.209722687,-6.485438063,2
2.984695763,1.096053636,1
3.214760733,2.344954536,1
4.738074066,1.8545021,1
-7.525854501,-5.104798701,2
5.155420699,2.222394909,1
-6.556459477,-7.02771218,2
2.95675251,4.072661776,1
3.168960041,0.215919828,1
-7.806980325,-6.641740611,2
-5.904429561,-6.379015423,2
-0.811472665,9.840258337,0
-1.58232116,8.357740274,0
-6.086138471,-8.628641567,2
-5.914775558,-5.26452677,2
-2.594821911,8.18609227,0
4.417533646,1.817384844,1
-6.666430563,-7.632078925,2
3.479507464,1.915916057,1
-1.565645526,8.638945607,0
6.653119813,1.308863794,1
4.632593742,2.979358613,1
-7.013935933,-6.06930132,2
-2.724723091,9.588319933,0
-2.822884146,7.84347417,0
-7.138423254,-5.281462423,2
7.130191883,1.146144302,1
-6.98407641,-7.048931316,2
-2.933403718,8.379987862,0
-2.713179397,10.21748052,0
-7.353466538,-6.894561864,2
4.104158499,2.206077675,1
-2.124390238,9.193393348,0
5.036935115,2.973404438,1
-0.937417517,9.04249697,0
4.960749613,2.359207051,1
-6.318707743,-7.175589911,2
3.531998941,0.351148157,1
4.820381522,2.411122887,1
-6.479939239,-7.531466487,2
-6.809575028,-5.718231291,2
-8.073264023,-5.96095542,2
4.800127922,1.79020588,1
5.934295836,1.926959521,1
-2.663086395,9.255524002,0
-2.220081139,10.24471538,0
4.818279785,1.568666519,1
5.7141107,2.735375846,1
-7.00057534,-6.460577149,2
5.640585422,2.524185779,1
-1.578666621,9.022472577,0
-7.533702874,-8.71074249,2
-7.308929416,-7.572530573,2
-5.337517239,-4.874016705,2
-7.013644358,-6.865421399,2
-7.93330961,-7.947912515,2
-5.693923036,-6.161156283,2
-7.322909442,-7.764912307,2
-6.419655048,-7.557824963,2
-7.879958516,-7.557854564,2
-6.690045575,-5.879063501,2
3.777790118,3.047078936,1
-1.745996212,9.535399129,0
5.167896176,1.370704615,1
-7.485242731,-5.05409988,2
-1.963635246,8.766072723,0
-2.1052078,9.706890284,0
-2.599060063,8.837510449,0
-7.521108786,-6.448187049,2
3.949113445,2.119581462,1
-6.654942465,-5.947518761,2
7.398556585,1.537763411,1
-3.667665096,7.888315109,0
5.876218981,2.259716675,1
-7.815065893,-5.794127477,2
-2.431056744,8.395878301,0
-3.571746462,9.171775117,0
4.533940378,5.068820889,1
-5.755514471,-5.932583131,2
4.550558721,2.717976201,1
-7.456137592,-9.471151885,2
-2.418383747,9.543990668,0
5.765819403,1.35391601,1
-7.481839252,-6.411335337,2
-2.097159474,12.09647132,0
-8.35853876,-6.696749673,2
-7.52559137,-7.6793016,2
5.966509956,3.397606051,1
2.608330659,1.855162132,1
-8.773241858,-6.666815886,2
-3.070840098,8.752156411,0
-6.258055301,-7.249719929,2
5.283690649,0.895008106,1
-2.461013455,10.98487982,0
-3.143214214,8.922496975,0
-2.783369236,8.372464313,0
-8.858927002,-6.132199337,2
3.979512652,1.167221642,1
-5.881316293,-7.311729906,2
-7.103093174,-7.229426389,2
-2.470380321,8.349526035,0
-7.012260938,-7.854638898,2
4.776952015,2.153531798,1
-3.24473701,10.25423365,0
7.672197747,1.336127156,1
5.582839027,2.483718758,1
-6.008329894,-8.226089274,2
-1.911362739,9.502582341,0
-2.49805419,8.994986059,0
-2.892537013,8.865758947,0
-2.879931777,8.641702325,0
-1.574971974,9.217822803,0
-5.996517414,-6.95794679,2
-1.998323656,7.685070078,0
-8.682766867,-8.464245536,2
-7.018083175,-8.10440783,2
-7.042694155,-7.625012238,2
-7.697826075,-6.883484051,2
-2.260471571,10.1945711,0
4.680778998,1.049201807,1
-5.582632645,-6.902977656,2
-5.69224114,-4.290545951,2
4.799442445,1.133024706,1
-3.16959538,8.757177455,0
-2.535400239,8.579546311,0
4.429927128,1.066275493,1
5.565917289,-1.445081461,1
-8.680684925,-7.422783393,2
-3.611333117,8.264026096,0
4.673860888,2.008877051,1
-8.297992924,-8.640918405,2
-1.992896863,10.10919137,0
-6.512339878,-5.041925916,2
4.525524197,2.307995515,1
-2.047952053,9.263286252,0
-2.952117067,8.055983814,0
-6.907142096,-5.107857997,2
4.707858746,2.608800989,1
6.797102668,2.742181117,1
-1.985705098,8.969818391,0
4.594717193,3.297131942,1
4.411059955,2.234089132,1
5.098201379,2.489219661,1
-2.285222722,8.11389489,0
5.899342095,1.33088743,1
-6.710972519,-6.438168944,2
-5.006329415,-5.800061528,2
-2.451944633,8.632160171,0
5.942953515,2.542807563,1
-6.570794179,-5.177894649,2
-5.778667556,-4.921762139,2
-6.572220493,-6.064372381,2
3.831690087,2.307962679,1
-7.951766203,-9.801460077,2
4.982917305,2.374517832,1
-7.622097777,-8.200132104,2
-6.413197209,-6.915751076,2
3.889203594,2.448133924,1
2.771980558,1.459431491,1
-2.097169409,9.425314889,0
-7.851283926,-8.259727758,2
-1.193223452,8.815057297,0
-6.314117546,-8.640872352,2
-8.073552198,-6.737166499,2
-2.524410589,8.212262636,0
-5.823570382,-6.656870679,2
-7.088650448,-7.730630047,2
-5.562512124,-6.99817812,2
-2.201945264,8.98813033,0
-6.898335948,-7.268628046,2
-7.926538174,-6.343456841,2
4.906439362,1.398671338,1
4.986881209,4.919529852,1
-5.577885902,-5.318598397,2
4.282802632,3.62401786,1
2.247396065,2.422037568,1
-3.78473975,8.53478611,0
-2.251022775,8.352501373,0
-3.220809167,8.3616379,0
-2.630625699,9.484939893,0
-6.959268582,-6.427737797,2
-5.61391935,-7.746284441,2
5.796533776,4.625797286,1
5.414459854,4.569075352,1
4.883386461,0.154276746,1
-6.338164463,-6.120954433,2
-2.453355955,8.706035251,0
4.555280303,2.556971657,1
3.941861739,0.755461607,1
5.817997421,1.583372024,1
5.949450981,2.704135429,1
4.673696225,1.962226888,1
-6.71905321,-6.877063573,2
-2.249864541,8.910171685,0
-6.039007165,-6.333376025,2
-8.384347565,-6.12005363,2
-0.45050978,9.061660875,0
5.311627374,3.270106555,1
-5.487161891,-7.130156108,2
-6.855407734,-5.467889038,2
-2.008663745,8.328560083,0
4.206719437,3.364365448,1
-2.708368942,9.791542889,0
-2.126013762,9.281215812,0
-7.667410943,-7.500957192,2
-3.216283572,9.137266213,0
-8.494759007,-5.715370239,2
-1.848864544,9.665093837,0
-7.415590636,-6.072051795,2
-3.02645593,8.149047725,0
5.340592659,1.542019175,1
3.460893964,1.703609904,1
5.003041395,1.068038664,1
-7.128318317,-5.272764017,2
-9.582859484,-6.202234274,2
-2.274739644,8.442804994,0
5.489609248,3.121212464,1
3.985975932,2.452133021,1
-7.251833967,-5.791360974,2
-6.469808534,-7.121367248,2
-6.286070469,-9.820498228,2
4.506407563,0.888480514,1
-2.989708575,8.780931128,0
3.414399456,2.823197421,1
-5.966042565,-7.683288544,2
2.809248631,1.14288,1
-1.386962174,7.892805278,0
-2.243346413,8.415496899,0
-3.119804948,7.570380448,0
-5.551433049,-6.323879584,2
-1.859176965,10.09927815,0
-2.234302991,7.603854004,0
-6.365719341,-6.700527811,2
4.019132696,3.664386612,1
-4.805544521,-7.799494185,2
-5.239662662,-6.137982102,2
4.135654656,1.635028153,1
-2.093720412,10.24047726,0
-2.519995403,8.168117385,0
-6.756422384,-6.328624217,2
-3.314011528,8.042935238,0
4.717248134,-0.397390196,1
6.576332359,2.517410846,1
6.067243423,0.500040306,1
5.369354648,2.197100632,1
5.648651095,1.190020909,1
-2.944703803,9.1030242,0
-3.0532174,9.200089086,0
4.43933714,2.149226108,1
5.513034289,2.035504747,1
-2.249930448,8.706220304,0
-2.489589484,9.412684761,0
5.762692908,3.499035798,1
-2.56680572,9.817112447,0
-6.12628557,-6.498951208,2
-4.139697251,8.207817079,0
-3.863169327,10.23792638,0
-7.614218768,-7.69036203,2
-4.044214595,8.993075028,0
4.415632863,1.445492414,1
4.583574142,2.545618677,1
-6.812636474,-6.364170376,2
4.620171361,3.399241612,1
-5.930073056,-8.365007562,2
-2.729238981,7.172749196,0
-6.171412768,-6.646893462,2
-4.666706937,8.970850235,0
-7.305984787,-5.731663884,2
4.346890874,3.130074286,1
-2.017864263,9.620292296,0
-5.682995705,-7.489892498,2
4.843111825,0.276712288,1
-2.244186878,9.79472223,0
5.35675892,2.814576975,1
-7.039759987,-6.208769517,2
3.757242905,3.456481494,1
-7.785359492,-7.533875932,2
-1.307311981,9.073561953,0
-5.267406563,-5.983270277,2
3.008051467,2.868673963,1
-1.679165668,8.606273009,0
-2.363704619,9.212862597,0
5.267281422,1.284729679,1
-6.590933562,-6.619787755,2
-2.457773608,8.152090306,0
-1.348282737,9.781702789,0
-2.990562913,10.49610868,0
3.138031527,3.705687209,1
4.869197718,2.028893542,1
-2.693945247,9.57125122,0
-3.180975097,8.534772012,0
5.009240959,-0.079032387,1
3.361742441,1.606900039,1
6.019006828,1.129357974,1
-4.818123615,-5.671743363,2
-2.009901769,9.516962536,0
3.50060017,5.132028162,1
3.908464194,1.74880412,1
-7.441795218,-7.089331467,2
